"filename", "language", "PHP", "Markdown", "JSON", "SCSS", "JavaScript", "CSS", "MS SQL", "comment", "blank", "total"
"c:\Users\Lorelvis\Documents\MEGASync\Programación\Desarrollo Web\Cursos\Desarrollo web completo con HTML5, CSS3, JS, AJAX, PHP y MySQL\Proyectos\barbershop\Router.php", "PHP", 35, 0, 0, 0, 0, 0, 0, 8, 16, 59
"c:\Users\Lorelvis\Documents\MEGASync\Programación\Desarrollo Web\Cursos\Desarrollo web completo con HTML5, CSS3, JS, AJAX, PHP y MySQL\Proyectos\barbershop\classes\Email.php", "PHP", 39, 0, 0, 0, 0, 0, 0, 2, 9, 50
"c:\Users\Lorelvis\Documents\MEGASync\Programación\Desarrollo Web\Cursos\Desarrollo web completo con HTML5, CSS3, JS, AJAX, PHP y MySQL\Proyectos\barbershop\composer.json", "JSON", 0, 0, 21, 0, 0, 0, 0, 0, 1, 22
"c:\Users\Lorelvis\Documents\MEGASync\Programación\Desarrollo Web\Cursos\Desarrollo web completo con HTML5, CSS3, JS, AJAX, PHP y MySQL\Proyectos\barbershop\composer.lock", "JSON", 0, 0, 100, 0, 0, 0, 0, 0, 1, 101
"c:\Users\Lorelvis\Documents\MEGASync\Programación\Desarrollo Web\Cursos\Desarrollo web completo con HTML5, CSS3, JS, AJAX, PHP y MySQL\Proyectos\barbershop\controller\APIController.php", "PHP", 305, 0, 0, 0, 0, 0, 0, 23, 100, 428
"c:\Users\Lorelvis\Documents\MEGASync\Programación\Desarrollo Web\Cursos\Desarrollo web completo con HTML5, CSS3, JS, AJAX, PHP y MySQL\Proyectos\barbershop\controller\AdminController.php", "PHP", 13, 0, 0, 0, 0, 0, 0, 0, 5, 18
"c:\Users\Lorelvis\Documents\MEGASync\Programación\Desarrollo Web\Cursos\Desarrollo web completo con HTML5, CSS3, JS, AJAX, PHP y MySQL\Proyectos\barbershop\controller\CustomerController.php", "PHP", 25, 0, 0, 0, 0, 0, 0, 0, 5, 30
"c:\Users\Lorelvis\Documents\MEGASync\Programación\Desarrollo Web\Cursos\Desarrollo web completo con HTML5, CSS3, JS, AJAX, PHP y MySQL\Proyectos\barbershop\controller\EmployeeController.php", "PHP", 120, 0, 0, 0, 0, 0, 0, 29, 34, 183
"c:\Users\Lorelvis\Documents\MEGASync\Programación\Desarrollo Web\Cursos\Desarrollo web completo con HTML5, CSS3, JS, AJAX, PHP y MySQL\Proyectos\barbershop\controller\LoginController.php", "PHP", 112, 0, 0, 0, 0, 0, 0, 6, 30, 148
"c:\Users\Lorelvis\Documents\MEGASync\Programación\Desarrollo Web\Cursos\Desarrollo web completo con HTML5, CSS3, JS, AJAX, PHP y MySQL\Proyectos\barbershop\controller\RoleController.php", "PHP", 68, 0, 0, 0, 0, 0, 0, 0, 24, 92
"c:\Users\Lorelvis\Documents\MEGASync\Programación\Desarrollo Web\Cursos\Desarrollo web completo con HTML5, CSS3, JS, AJAX, PHP y MySQL\Proyectos\barbershop\controller\ServiceController.php", "PHP", 84, 0, 0, 0, 0, 0, 0, 0, 24, 108
"c:\Users\Lorelvis\Documents\MEGASync\Programación\Desarrollo Web\Cursos\Desarrollo web completo con HTML5, CSS3, JS, AJAX, PHP y MySQL\Proyectos\barbershop\database\barbershop_database.sql", "MS SQL", 0, 0, 0, 0, 0, 0, 152, 0, 20, 172
"c:\Users\Lorelvis\Documents\MEGASync\Programación\Desarrollo Web\Cursos\Desarrollo web completo con HTML5, CSS3, JS, AJAX, PHP y MySQL\Proyectos\barbershop\database\barbershop_database28092024.sql", "MS SQL", 0, 0, 0, 0, 0, 0, 185, 0, 17, 202
"c:\Users\Lorelvis\Documents\MEGASync\Programación\Desarrollo Web\Cursos\Desarrollo web completo con HTML5, CSS3, JS, AJAX, PHP y MySQL\Proyectos\barbershop\database\barbershop_databaseold.sql", "MS SQL", 0, 0, 0, 0, 0, 0, 71, 0, 13, 84
"c:\Users\Lorelvis\Documents\MEGASync\Programación\Desarrollo Web\Cursos\Desarrollo web completo con HTML5, CSS3, JS, AJAX, PHP y MySQL\Proyectos\barbershop\gulpfile.js", "JavaScript", 0, 0, 0, 0, 63, 0, 0, 2, 11, 76
"c:\Users\Lorelvis\Documents\MEGASync\Programación\Desarrollo Web\Cursos\Desarrollo web completo con HTML5, CSS3, JS, AJAX, PHP y MySQL\Proyectos\barbershop\includes\app.php", "PHP", 12, 0, 0, 0, 0, 0, 0, 2, 4, 18
"c:\Users\Lorelvis\Documents\MEGASync\Programación\Desarrollo Web\Cursos\Desarrollo web completo con HTML5, CSS3, JS, AJAX, PHP y MySQL\Proyectos\barbershop\includes\errors.php", "PHP", 17, 0, 0, 0, 0, 0, 0, 1, 2, 20
"c:\Users\Lorelvis\Documents\MEGASync\Programación\Desarrollo Web\Cursos\Desarrollo web completo con HTML5, CSS3, JS, AJAX, PHP y MySQL\Proyectos\barbershop\includes\functions.php", "PHP", 42, 0, 0, 0, 0, 0, 0, 4, 18, 64
"c:\Users\Lorelvis\Documents\MEGASync\Programación\Desarrollo Web\Cursos\Desarrollo web completo con HTML5, CSS3, JS, AJAX, PHP y MySQL\Proyectos\barbershop\model\ActiveRecord.php", "PHP", 117, 0, 0, 0, 0, 0, 0, 9, 43, 169
"c:\Users\Lorelvis\Documents\MEGASync\Programación\Desarrollo Web\Cursos\Desarrollo web completo con HTML5, CSS3, JS, AJAX, PHP y MySQL\Proyectos\barbershop\model\Appointment.php", "PHP", 20, 0, 0, 0, 0, 0, 0, 0, 3, 23
"c:\Users\Lorelvis\Documents\MEGASync\Programación\Desarrollo Web\Cursos\Desarrollo web completo con HTML5, CSS3, JS, AJAX, PHP y MySQL\Proyectos\barbershop\model\AppointmentService.php", "PHP", 16, 0, 0, 0, 0, 0, 0, 0, 3, 19
"c:\Users\Lorelvis\Documents\MEGASync\Programación\Desarrollo Web\Cursos\Desarrollo web completo con HTML5, CSS3, JS, AJAX, PHP y MySQL\Proyectos\barbershop\model\AvailableTime.php", "PHP", 12, 0, 0, 0, 0, 0, 0, 0, 3, 15
"c:\Users\Lorelvis\Documents\MEGASync\Programación\Desarrollo Web\Cursos\Desarrollo web completo con HTML5, CSS3, JS, AJAX, PHP y MySQL\Proyectos\barbershop\model\BookedAppointment.php", "PHP", 43, 0, 0, 0, 0, 0, 0, 0, 4, 47
"c:\Users\Lorelvis\Documents\MEGASync\Programación\Desarrollo Web\Cursos\Desarrollo web completo con HTML5, CSS3, JS, AJAX, PHP y MySQL\Proyectos\barbershop\model\Database.php", "PHP", 130, 0, 0, 0, 0, 0, 0, 34, 62, 226
"c:\Users\Lorelvis\Documents\MEGASync\Programación\Desarrollo Web\Cursos\Desarrollo web completo con HTML5, CSS3, JS, AJAX, PHP y MySQL\Proyectos\barbershop\model\Employee.php", "PHP", 16, 0, 0, 0, 0, 0, 0, 0, 3, 19
"c:\Users\Lorelvis\Documents\MEGASync\Programación\Desarrollo Web\Cursos\Desarrollo web completo con HTML5, CSS3, JS, AJAX, PHP y MySQL\Proyectos\barbershop\model\Role.php", "PHP", 12, 0, 0, 0, 0, 0, 0, 0, 3, 15
"c:\Users\Lorelvis\Documents\MEGASync\Programación\Desarrollo Web\Cursos\Desarrollo web completo con HTML5, CSS3, JS, AJAX, PHP y MySQL\Proyectos\barbershop\model\Service.php", "PHP", 29, 0, 0, 0, 0, 0, 0, 1, 8, 38
"c:\Users\Lorelvis\Documents\MEGASync\Programación\Desarrollo Web\Cursos\Desarrollo web completo con HTML5, CSS3, JS, AJAX, PHP y MySQL\Proyectos\barbershop\model\User.php", "PHP", 300, 0, 0, 0, 0, 0, 0, 15, 96, 411
"c:\Users\Lorelvis\Documents\MEGASync\Programación\Desarrollo Web\Cursos\Desarrollo web completo con HTML5, CSS3, JS, AJAX, PHP y MySQL\Proyectos\barbershop\package-lock.json", "JSON", 0, 0, 2860, 0, 0, 0, 0, 0, 1, 2861
"c:\Users\Lorelvis\Documents\MEGASync\Programación\Desarrollo Web\Cursos\Desarrollo web completo con HTML5, CSS3, JS, AJAX, PHP y MySQL\Proyectos\barbershop\package.json", "JSON", 0, 0, 23, 0, 0, 0, 0, 0, 1, 24
"c:\Users\Lorelvis\Documents\MEGASync\Programación\Desarrollo Web\Cursos\Desarrollo web completo con HTML5, CSS3, JS, AJAX, PHP y MySQL\Proyectos\barbershop\public\build\css\app.css", "CSS", 0, 0, 0, 0, 0, 1, 0, 0, 1, 2
"c:\Users\Lorelvis\Documents\MEGASync\Programación\Desarrollo Web\Cursos\Desarrollo web completo con HTML5, CSS3, JS, AJAX, PHP y MySQL\Proyectos\barbershop\public\build\js\helper.js", "JavaScript", 0, 0, 0, 0, 1, 0, 0, 0, 0, 1
"c:\Users\Lorelvis\Documents\MEGASync\Programación\Desarrollo Web\Cursos\Desarrollo web completo con HTML5, CSS3, JS, AJAX, PHP y MySQL\Proyectos\barbershop\public\build\js\modernizr.js", "JavaScript", 0, 0, 0, 0, 1, 0, 0, 2, 0, 3
"c:\Users\Lorelvis\Documents\MEGASync\Programación\Desarrollo Web\Cursos\Desarrollo web completo con HTML5, CSS3, JS, AJAX, PHP y MySQL\Proyectos\barbershop\public\build\js\searchbar.js", "JavaScript", 0, 0, 0, 0, 1, 0, 0, 0, 0, 1
"c:\Users\Lorelvis\Documents\MEGASync\Programación\Desarrollo Web\Cursos\Desarrollo web completo con HTML5, CSS3, JS, AJAX, PHP y MySQL\Proyectos\barbershop\public\build\js\svg.js", "JavaScript", 0, 0, 0, 0, 1, 0, 0, 0, 0, 1
"c:\Users\Lorelvis\Documents\MEGASync\Programación\Desarrollo Web\Cursos\Desarrollo web completo con HTML5, CSS3, JS, AJAX, PHP y MySQL\Proyectos\barbershop\public\build\js\table.js", "JavaScript", 0, 0, 0, 0, 1, 0, 0, 0, 0, 1
"c:\Users\Lorelvis\Documents\MEGASync\Programación\Desarrollo Web\Cursos\Desarrollo web completo con HTML5, CSS3, JS, AJAX, PHP y MySQL\Proyectos\barbershop\public\build\js\users\admin.js", "JavaScript", 0, 0, 0, 0, 0, 0, 0, 0, 1, 1
"c:\Users\Lorelvis\Documents\MEGASync\Programación\Desarrollo Web\Cursos\Desarrollo web completo con HTML5, CSS3, JS, AJAX, PHP y MySQL\Proyectos\barbershop\public\build\js\users\customer.js", "JavaScript", 0, 0, 0, 0, 1, 0, 0, 0, 0, 1
"c:\Users\Lorelvis\Documents\MEGASync\Programación\Desarrollo Web\Cursos\Desarrollo web completo con HTML5, CSS3, JS, AJAX, PHP y MySQL\Proyectos\barbershop\public\build\js\users\employee.js", "JavaScript", 0, 0, 0, 0, 1, 0, 0, 0, 0, 1
"c:\Users\Lorelvis\Documents\MEGASync\Programación\Desarrollo Web\Cursos\Desarrollo web completo con HTML5, CSS3, JS, AJAX, PHP y MySQL\Proyectos\barbershop\public\index.php", "PHP", 56, 0, 0, 0, 0, 0, 0, 14, 31, 101
"c:\Users\Lorelvis\Documents\MEGASync\Programación\Desarrollo Web\Cursos\Desarrollo web completo con HTML5, CSS3, JS, AJAX, PHP y MySQL\Proyectos\barbershop\src\js\helper.js", "JavaScript", 0, 0, 0, 0, 77, 0, 0, 7, 28, 112
"c:\Users\Lorelvis\Documents\MEGASync\Programación\Desarrollo Web\Cursos\Desarrollo web completo con HTML5, CSS3, JS, AJAX, PHP y MySQL\Proyectos\barbershop\src\js\modernizr.js", "JavaScript", 0, 0, 0, 0, 1, 0, 0, 2, 0, 3
"c:\Users\Lorelvis\Documents\MEGASync\Programación\Desarrollo Web\Cursos\Desarrollo web completo con HTML5, CSS3, JS, AJAX, PHP y MySQL\Proyectos\barbershop\src\js\searchbar.js", "JavaScript", 0, 0, 0, 0, 76, 0, 0, 4, 23, 103
"c:\Users\Lorelvis\Documents\MEGASync\Programación\Desarrollo Web\Cursos\Desarrollo web completo con HTML5, CSS3, JS, AJAX, PHP y MySQL\Proyectos\barbershop\src\js\svg.js", "JavaScript", 0, 0, 0, 0, 268, 0, 0, 50, 64, 382
"c:\Users\Lorelvis\Documents\MEGASync\Programación\Desarrollo Web\Cursos\Desarrollo web completo con HTML5, CSS3, JS, AJAX, PHP y MySQL\Proyectos\barbershop\src\js\table.js", "JavaScript", 0, 0, 0, 0, 60, 0, 0, 10, 24, 94
"c:\Users\Lorelvis\Documents\MEGASync\Programación\Desarrollo Web\Cursos\Desarrollo web completo con HTML5, CSS3, JS, AJAX, PHP y MySQL\Proyectos\barbershop\src\js\users\admin.js", "JavaScript", 0, 0, 0, 0, 0, 0, 0, 0, 1, 1
"c:\Users\Lorelvis\Documents\MEGASync\Programación\Desarrollo Web\Cursos\Desarrollo web completo con HTML5, CSS3, JS, AJAX, PHP y MySQL\Proyectos\barbershop\src\js\users\customer.js", "JavaScript", 0, 0, 0, 0, 507, 0, 0, 39, 163, 709
"c:\Users\Lorelvis\Documents\MEGASync\Programación\Desarrollo Web\Cursos\Desarrollo web completo con HTML5, CSS3, JS, AJAX, PHP y MySQL\Proyectos\barbershop\src\js\users\employee.js", "JavaScript", 0, 0, 0, 0, 281, 0, 0, 5, 89, 375
"c:\Users\Lorelvis\Documents\MEGASync\Programación\Desarrollo Web\Cursos\Desarrollo web completo con HTML5, CSS3, JS, AJAX, PHP y MySQL\Proyectos\barbershop\src\scss\app.scss", "SCSS", 0, 0, 0, 3, 0, 0, 0, 0, 0, 3
"c:\Users\Lorelvis\Documents\MEGASync\Programación\Desarrollo Web\Cursos\Desarrollo web completo con HTML5, CSS3, JS, AJAX, PHP y MySQL\Proyectos\barbershop\src\scss\base\_globals.scss", "SCSS", 0, 0, 0, 46, 0, 0, 0, 0, 5, 51
"c:\Users\Lorelvis\Documents\MEGASync\Programación\Desarrollo Web\Cursos\Desarrollo web completo con HTML5, CSS3, JS, AJAX, PHP y MySQL\Proyectos\barbershop\src\scss\base\_index.scss", "SCSS", 0, 0, 0, 8, 0, 0, 0, 0, 0, 8
"c:\Users\Lorelvis\Documents\MEGASync\Programación\Desarrollo Web\Cursos\Desarrollo web completo con HTML5, CSS3, JS, AJAX, PHP y MySQL\Proyectos\barbershop\src\scss\base\_keen-slider.scss", "SCSS", 0, 0, 0, 4, 0, 0, 0, 0, 0, 4
"c:\Users\Lorelvis\Documents\MEGASync\Programación\Desarrollo Web\Cursos\Desarrollo web completo con HTML5, CSS3, JS, AJAX, PHP y MySQL\Proyectos\barbershop\src\scss\base\_mixins.scss", "SCSS", 0, 0, 0, 66, 0, 0, 0, 1, 12, 79
"c:\Users\Lorelvis\Documents\MEGASync\Programación\Desarrollo Web\Cursos\Desarrollo web completo con HTML5, CSS3, JS, AJAX, PHP y MySQL\Proyectos\barbershop\src\scss\base\_normalize.scss", "SCSS", 0, 0, 0, 146, 0, 0, 0, 129, 75, 350
"c:\Users\Lorelvis\Documents\MEGASync\Programación\Desarrollo Web\Cursos\Desarrollo web completo con HTML5, CSS3, JS, AJAX, PHP y MySQL\Proyectos\barbershop\src\scss\base\_properties.scss", "SCSS", 0, 0, 0, 19, 0, 0, 0, 4, 5, 28
"c:\Users\Lorelvis\Documents\MEGASync\Programación\Desarrollo Web\Cursos\Desarrollo web completo con HTML5, CSS3, JS, AJAX, PHP y MySQL\Proyectos\barbershop\src\scss\base\_scrollbar.scss", "SCSS", 0, 0, 0, 15, 0, 0, 0, 3, 3, 21
"c:\Users\Lorelvis\Documents\MEGASync\Programación\Desarrollo Web\Cursos\Desarrollo web completo con HTML5, CSS3, JS, AJAX, PHP y MySQL\Proyectos\barbershop\src\scss\base\_typography.scss", "SCSS", 0, 0, 0, 33, 0, 0, 0, 0, 2, 35
"c:\Users\Lorelvis\Documents\MEGASync\Programación\Desarrollo Web\Cursos\Desarrollo web completo con HTML5, CSS3, JS, AJAX, PHP y MySQL\Proyectos\barbershop\src\scss\base\_utilities.scss", "SCSS", 0, 0, 0, 32, 0, 0, 0, 0, 9, 41
"c:\Users\Lorelvis\Documents\MEGASync\Programación\Desarrollo Web\Cursos\Desarrollo web completo con HTML5, CSS3, JS, AJAX, PHP y MySQL\Proyectos\barbershop\src\scss\components\_actions.scss", "SCSS", 0, 0, 0, 20, 0, 0, 0, 5, 5, 30
"c:\Users\Lorelvis\Documents\MEGASync\Programación\Desarrollo Web\Cursos\Desarrollo web completo con HTML5, CSS3, JS, AJAX, PHP y MySQL\Proyectos\barbershop\src\scss\components\_alerts.scss", "SCSS", 0, 0, 0, 38, 0, 0, 0, 0, 8, 46
"c:\Users\Lorelvis\Documents\MEGASync\Programación\Desarrollo Web\Cursos\Desarrollo web completo con HTML5, CSS3, JS, AJAX, PHP y MySQL\Proyectos\barbershop\src\scss\components\_appointment.scss", "SCSS", 0, 0, 0, 2, 0, 0, 0, 0, 2, 4
"c:\Users\Lorelvis\Documents\MEGASync\Programación\Desarrollo Web\Cursos\Desarrollo web completo con HTML5, CSS3, JS, AJAX, PHP y MySQL\Proyectos\barbershop\src\scss\components\_bar.scss", "SCSS", 0, 0, 0, 35, 0, 0, 0, 0, 9, 44
"c:\Users\Lorelvis\Documents\MEGASync\Programación\Desarrollo Web\Cursos\Desarrollo web completo con HTML5, CSS3, JS, AJAX, PHP y MySQL\Proyectos\barbershop\src\scss\components\_buttons.scss", "SCSS", 0, 0, 0, 16, 0, 0, 0, 0, 2, 18
"c:\Users\Lorelvis\Documents\MEGASync\Programación\Desarrollo Web\Cursos\Desarrollo web completo con HTML5, CSS3, JS, AJAX, PHP y MySQL\Proyectos\barbershop\src\scss\components\_crud-actions.scss", "SCSS", 0, 0, 0, 12, 0, 0, 0, 0, 2, 14
"c:\Users\Lorelvis\Documents\MEGASync\Programación\Desarrollo Web\Cursos\Desarrollo web completo con HTML5, CSS3, JS, AJAX, PHP y MySQL\Proyectos\barbershop\src\scss\components\_employees-slider.scss", "SCSS", 0, 0, 0, 75, 0, 0, 0, 0, 14, 89
"c:\Users\Lorelvis\Documents\MEGASync\Programación\Desarrollo Web\Cursos\Desarrollo web completo con HTML5, CSS3, JS, AJAX, PHP y MySQL\Proyectos\barbershop\src\scss\components\_flatpickr.scss", "SCSS", 0, 0, 0, 44, 0, 0, 0, 0, 14, 58
"c:\Users\Lorelvis\Documents\MEGASync\Programación\Desarrollo Web\Cursos\Desarrollo web completo con HTML5, CSS3, JS, AJAX, PHP y MySQL\Proyectos\barbershop\src\scss\components\_form.scss", "SCSS", 0, 0, 0, 62, 0, 0, 0, 0, 11, 73
"c:\Users\Lorelvis\Documents\MEGASync\Programación\Desarrollo Web\Cursos\Desarrollo web completo con HTML5, CSS3, JS, AJAX, PHP y MySQL\Proyectos\barbershop\src\scss\components\_index.scss", "SCSS", 0, 0, 0, 13, 0, 0, 0, 0, 0, 13
"c:\Users\Lorelvis\Documents\MEGASync\Programación\Desarrollo Web\Cursos\Desarrollo web completo con HTML5, CSS3, JS, AJAX, PHP y MySQL\Proyectos\barbershop\src\scss\components\_pagination.scss", "SCSS", 0, 0, 0, 33, 0, 0, 0, 0, 8, 41
"c:\Users\Lorelvis\Documents\MEGASync\Programación\Desarrollo Web\Cursos\Desarrollo web completo con HTML5, CSS3, JS, AJAX, PHP y MySQL\Proyectos\barbershop\src\scss\components\_search-bar.scss", "SCSS", 0, 0, 0, 49, 0, 0, 0, 7, 12, 68
"c:\Users\Lorelvis\Documents\MEGASync\Programación\Desarrollo Web\Cursos\Desarrollo web completo con HTML5, CSS3, JS, AJAX, PHP y MySQL\Proyectos\barbershop\src\scss\components\_services.scss", "SCSS", 0, 0, 0, 48, 0, 0, 0, 0, 9, 57
"c:\Users\Lorelvis\Documents\MEGASync\Programación\Desarrollo Web\Cursos\Desarrollo web completo con HTML5, CSS3, JS, AJAX, PHP y MySQL\Proyectos\barbershop\src\scss\components\_table.scss", "SCSS", 0, 0, 0, 76, 0, 0, 0, 0, 13, 89
"c:\Users\Lorelvis\Documents\MEGASync\Programación\Desarrollo Web\Cursos\Desarrollo web completo con HTML5, CSS3, JS, AJAX, PHP y MySQL\Proyectos\barbershop\src\scss\components\_tabs.scss", "SCSS", 0, 0, 0, 41, 0, 0, 0, 1, 7, 49
"c:\Users\Lorelvis\Documents\MEGASync\Programación\Desarrollo Web\Cursos\Desarrollo web completo con HTML5, CSS3, JS, AJAX, PHP y MySQL\Proyectos\barbershop\src\scss\layout\_customer.scss", "SCSS", 0, 0, 0, 7, 0, 0, 0, 0, 1, 8
"c:\Users\Lorelvis\Documents\MEGASync\Programación\Desarrollo Web\Cursos\Desarrollo web completo con HTML5, CSS3, JS, AJAX, PHP y MySQL\Proyectos\barbershop\src\scss\layout\_employee.scss", "SCSS", 0, 0, 0, 193, 0, 0, 0, 0, 38, 231
"c:\Users\Lorelvis\Documents\MEGASync\Programación\Desarrollo Web\Cursos\Desarrollo web completo con HTML5, CSS3, JS, AJAX, PHP y MySQL\Proyectos\barbershop\src\scss\layout\_index.scss", "SCSS", 0, 0, 0, 4, 0, 0, 0, 0, 0, 4
"c:\Users\Lorelvis\Documents\MEGASync\Programación\Desarrollo Web\Cursos\Desarrollo web completo con HTML5, CSS3, JS, AJAX, PHP y MySQL\Proyectos\barbershop\src\scss\layout\_summary.scss", "SCSS", 0, 0, 0, 45, 0, 0, 0, 0, 9, 54
"c:\Users\Lorelvis\Documents\MEGASync\Programación\Desarrollo Web\Cursos\Desarrollo web completo con HTML5, CSS3, JS, AJAX, PHP y MySQL\Proyectos\barbershop\src\scss\layout\_ui.scss", "SCSS", 0, 0, 0, 63, 0, 0, 0, 1, 15, 79
"c:\Users\Lorelvis\Documents\MEGASync\Programación\Desarrollo Web\Cursos\Desarrollo web completo con HTML5, CSS3, JS, AJAX, PHP y MySQL\Proyectos\barbershop\vendor\autoload.php", "PHP", 20, 0, 0, 0, 0, 0, 0, 1, 5, 26
"c:\Users\Lorelvis\Documents\MEGASync\Programación\Desarrollo Web\Cursos\Desarrollo web completo con HTML5, CSS3, JS, AJAX, PHP y MySQL\Proyectos\barbershop\vendor\composer\ClassLoader.php", "PHP", 286, 0, 0, 0, 0, 0, 0, 235, 59, 580
"c:\Users\Lorelvis\Documents\MEGASync\Programación\Desarrollo Web\Cursos\Desarrollo web completo con HTML5, CSS3, JS, AJAX, PHP y MySQL\Proyectos\barbershop\vendor\composer\InstalledVersions.php", "PHP", 178, 0, 0, 0, 0, 0, 0, 133, 49, 360
"c:\Users\Lorelvis\Documents\MEGASync\Programación\Desarrollo Web\Cursos\Desarrollo web completo con HTML5, CSS3, JS, AJAX, PHP y MySQL\Proyectos\barbershop\vendor\composer\autoload_classmap.php", "PHP", 6, 0, 0, 0, 0, 0, 0, 1, 4, 11
"c:\Users\Lorelvis\Documents\MEGASync\Programación\Desarrollo Web\Cursos\Desarrollo web completo con HTML5, CSS3, JS, AJAX, PHP y MySQL\Proyectos\barbershop\vendor\composer\autoload_namespaces.php", "PHP", 5, 0, 0, 0, 0, 0, 0, 1, 4, 10
"c:\Users\Lorelvis\Documents\MEGASync\Programación\Desarrollo Web\Cursos\Desarrollo web completo con HTML5, CSS3, JS, AJAX, PHP y MySQL\Proyectos\barbershop\vendor\composer\autoload_psr4.php", "PHP", 10, 0, 0, 0, 0, 0, 0, 1, 4, 15
"c:\Users\Lorelvis\Documents\MEGASync\Programación\Desarrollo Web\Cursos\Desarrollo web completo con HTML5, CSS3, JS, AJAX, PHP y MySQL\Proyectos\barbershop\vendor\composer\autoload_real.php", "PHP", 25, 0, 0, 0, 0, 0, 0, 4, 10, 39
"c:\Users\Lorelvis\Documents\MEGASync\Programación\Desarrollo Web\Cursos\Desarrollo web completo con HTML5, CSS3, JS, AJAX, PHP y MySQL\Proyectos\barbershop\vendor\composer\autoload_static.php", "PHP", 54, 0, 0, 0, 0, 0, 0, 1, 8, 63
"c:\Users\Lorelvis\Documents\MEGASync\Programación\Desarrollo Web\Cursos\Desarrollo web completo con HTML5, CSS3, JS, AJAX, PHP y MySQL\Proyectos\barbershop\vendor\composer\installed.json", "JSON", 0, 0, 90, 0, 0, 0, 0, 0, 1, 91
"c:\Users\Lorelvis\Documents\MEGASync\Programación\Desarrollo Web\Cursos\Desarrollo web completo con HTML5, CSS3, JS, AJAX, PHP y MySQL\Proyectos\barbershop\vendor\composer\installed.php", "PHP", 32, 0, 0, 0, 0, 0, 0, 0, 1, 33
"c:\Users\Lorelvis\Documents\MEGASync\Programación\Desarrollo Web\Cursos\Desarrollo web completo con HTML5, CSS3, JS, AJAX, PHP y MySQL\Proyectos\barbershop\vendor\composer\platform_check.php", "PHP", 21, 0, 0, 0, 0, 0, 0, 1, 5, 27
"c:\Users\Lorelvis\Documents\MEGASync\Programación\Desarrollo Web\Cursos\Desarrollo web completo con HTML5, CSS3, JS, AJAX, PHP y MySQL\Proyectos\barbershop\vendor\phpmailer\phpmailer\README.md", "Markdown", 0, 168, 0, 0, 0, 0, 0, 0, 64, 232
"c:\Users\Lorelvis\Documents\MEGASync\Programación\Desarrollo Web\Cursos\Desarrollo web completo con HTML5, CSS3, JS, AJAX, PHP y MySQL\Proyectos\barbershop\vendor\phpmailer\phpmailer\SECURITY.md", "Markdown", 0, 19, 0, 0, 0, 0, 0, 0, 19, 38
"c:\Users\Lorelvis\Documents\MEGASync\Programación\Desarrollo Web\Cursos\Desarrollo web completo con HTML5, CSS3, JS, AJAX, PHP y MySQL\Proyectos\barbershop\vendor\phpmailer\phpmailer\composer.json", "JSON", 0, 0, 79, 0, 0, 0, 0, 0, 1, 80
"c:\Users\Lorelvis\Documents\MEGASync\Programación\Desarrollo Web\Cursos\Desarrollo web completo con HTML5, CSS3, JS, AJAX, PHP y MySQL\Proyectos\barbershop\vendor\phpmailer\phpmailer\get_oauth_token.php", "PHP", 117, 0, 0, 0, 0, 0, 0, 48, 18, 183
"c:\Users\Lorelvis\Documents\MEGASync\Programación\Desarrollo Web\Cursos\Desarrollo web completo con HTML5, CSS3, JS, AJAX, PHP y MySQL\Proyectos\barbershop\vendor\phpmailer\phpmailer\language\phpmailer.lang-af.php", "PHP", 20, 0, 0, 0, 0, 0, 0, 4, 3, 27
"c:\Users\Lorelvis\Documents\MEGASync\Programación\Desarrollo Web\Cursos\Desarrollo web completo con HTML5, CSS3, JS, AJAX, PHP y MySQL\Proyectos\barbershop\vendor\phpmailer\phpmailer\language\phpmailer.lang-ar.php", "PHP", 20, 0, 0, 0, 0, 0, 0, 5, 3, 28
"c:\Users\Lorelvis\Documents\MEGASync\Programación\Desarrollo Web\Cursos\Desarrollo web completo con HTML5, CSS3, JS, AJAX, PHP y MySQL\Proyectos\barbershop\vendor\phpmailer\phpmailer\language\phpmailer.lang-as.php", "PHP", 28, 0, 0, 0, 0, 0, 0, 5, 3, 36
"c:\Users\Lorelvis\Documents\MEGASync\Programación\Desarrollo Web\Cursos\Desarrollo web completo con HTML5, CSS3, JS, AJAX, PHP y MySQL\Proyectos\barbershop\vendor\phpmailer\phpmailer\language\phpmailer.lang-az.php", "PHP", 19, 0, 0, 0, 0, 0, 0, 6, 3, 28
"c:\Users\Lorelvis\Documents\MEGASync\Programación\Desarrollo Web\Cursos\Desarrollo web completo con HTML5, CSS3, JS, AJAX, PHP y MySQL\Proyectos\barbershop\vendor\phpmailer\phpmailer\language\phpmailer.lang-ba.php", "PHP", 20, 0, 0, 0, 0, 0, 0, 5, 3, 28
"c:\Users\Lorelvis\Documents\MEGASync\Programación\Desarrollo Web\Cursos\Desarrollo web completo con HTML5, CSS3, JS, AJAX, PHP y MySQL\Proyectos\barbershop\vendor\phpmailer\phpmailer\language\phpmailer.lang-be.php", "PHP", 19, 0, 0, 0, 0, 0, 0, 6, 3, 28
"c:\Users\Lorelvis\Documents\MEGASync\Programación\Desarrollo Web\Cursos\Desarrollo web completo con HTML5, CSS3, JS, AJAX, PHP y MySQL\Proyectos\barbershop\vendor\phpmailer\phpmailer\language\phpmailer.lang-bg.php", "PHP", 20, 0, 0, 0, 0, 0, 0, 5, 3, 28
"c:\Users\Lorelvis\Documents\MEGASync\Programación\Desarrollo Web\Cursos\Desarrollo web completo con HTML5, CSS3, JS, AJAX, PHP y MySQL\Proyectos\barbershop\vendor\phpmailer\phpmailer\language\phpmailer.lang-bn.php", "PHP", 28, 0, 0, 0, 0, 0, 0, 5, 3, 36
"c:\Users\Lorelvis\Documents\MEGASync\Programación\Desarrollo Web\Cursos\Desarrollo web completo con HTML5, CSS3, JS, AJAX, PHP y MySQL\Proyectos\barbershop\vendor\phpmailer\phpmailer\language\phpmailer.lang-ca.php", "PHP", 19, 0, 0, 0, 0, 0, 0, 6, 3, 28
"c:\Users\Lorelvis\Documents\MEGASync\Programación\Desarrollo Web\Cursos\Desarrollo web completo con HTML5, CSS3, JS, AJAX, PHP y MySQL\Proyectos\barbershop\vendor\phpmailer\phpmailer\language\phpmailer.lang-cs.php", "PHP", 22, 0, 0, 0, 0, 0, 0, 4, 3, 29
"c:\Users\Lorelvis\Documents\MEGASync\Programación\Desarrollo Web\Cursos\Desarrollo web completo con HTML5, CSS3, JS, AJAX, PHP y MySQL\Proyectos\barbershop\vendor\phpmailer\phpmailer\language\phpmailer.lang-da.php", "PHP", 27, 0, 0, 0, 0, 0, 0, 7, 3, 37
"c:\Users\Lorelvis\Documents\MEGASync\Programación\Desarrollo Web\Cursos\Desarrollo web completo con HTML5, CSS3, JS, AJAX, PHP y MySQL\Proyectos\barbershop\vendor\phpmailer\phpmailer\language\phpmailer.lang-de.php", "PHP", 22, 0, 0, 0, 0, 0, 0, 4, 3, 29
"c:\Users\Lorelvis\Documents\MEGASync\Programación\Desarrollo Web\Cursos\Desarrollo web completo con HTML5, CSS3, JS, AJAX, PHP y MySQL\Proyectos\barbershop\vendor\phpmailer\phpmailer\language\phpmailer.lang-el.php", "PHP", 27, 0, 0, 0, 0, 0, 0, 4, 3, 34
"c:\Users\Lorelvis\Documents\MEGASync\Programación\Desarrollo Web\Cursos\Desarrollo web completo con HTML5, CSS3, JS, AJAX, PHP y MySQL\Proyectos\barbershop\vendor\phpmailer\phpmailer\language\phpmailer.lang-eo.php", "PHP", 20, 0, 0, 0, 0, 0, 0, 4, 3, 27
"c:\Users\Lorelvis\Documents\MEGASync\Programación\Desarrollo Web\Cursos\Desarrollo web completo con HTML5, CSS3, JS, AJAX, PHP y MySQL\Proyectos\barbershop\vendor\phpmailer\phpmailer\language\phpmailer.lang-es.php", "PHP", 23, 0, 0, 0, 0, 0, 0, 6, 3, 32
"c:\Users\Lorelvis\Documents\MEGASync\Programación\Desarrollo Web\Cursos\Desarrollo web completo con HTML5, CSS3, JS, AJAX, PHP y MySQL\Proyectos\barbershop\vendor\phpmailer\phpmailer\language\phpmailer.lang-et.php", "PHP", 20, 0, 0, 0, 0, 0, 0, 6, 3, 29
"c:\Users\Lorelvis\Documents\MEGASync\Programación\Desarrollo Web\Cursos\Desarrollo web completo con HTML5, CSS3, JS, AJAX, PHP y MySQL\Proyectos\barbershop\vendor\phpmailer\phpmailer\language\phpmailer.lang-fa.php", "PHP", 20, 0, 0, 0, 0, 0, 0, 6, 3, 29
"c:\Users\Lorelvis\Documents\MEGASync\Programación\Desarrollo Web\Cursos\Desarrollo web completo con HTML5, CSS3, JS, AJAX, PHP y MySQL\Proyectos\barbershop\vendor\phpmailer\phpmailer\language\phpmailer.lang-fi.php", "PHP", 13, 0, 0, 0, 0, 0, 0, 12, 3, 28
"c:\Users\Lorelvis\Documents\MEGASync\Programación\Desarrollo Web\Cursos\Desarrollo web completo con HTML5, CSS3, JS, AJAX, PHP y MySQL\Proyectos\barbershop\vendor\phpmailer\phpmailer\language\phpmailer.lang-fo.php", "PHP", 13, 0, 0, 0, 0, 0, 0, 12, 3, 28
"c:\Users\Lorelvis\Documents\MEGASync\Programación\Desarrollo Web\Cursos\Desarrollo web completo con HTML5, CSS3, JS, AJAX, PHP y MySQL\Proyectos\barbershop\vendor\phpmailer\phpmailer\language\phpmailer.lang-fr.php", "PHP", 27, 0, 0, 0, 0, 0, 0, 8, 3, 38
"c:\Users\Lorelvis\Documents\MEGASync\Programación\Desarrollo Web\Cursos\Desarrollo web completo con HTML5, CSS3, JS, AJAX, PHP y MySQL\Proyectos\barbershop\vendor\phpmailer\phpmailer\language\phpmailer.lang-gl.php", "PHP", 19, 0, 0, 0, 0, 0, 0, 6, 3, 28
"c:\Users\Lorelvis\Documents\MEGASync\Programación\Desarrollo Web\Cursos\Desarrollo web completo con HTML5, CSS3, JS, AJAX, PHP y MySQL\Proyectos\barbershop\vendor\phpmailer\phpmailer\language\phpmailer.lang-he.php", "PHP", 19, 0, 0, 0, 0, 0, 0, 6, 3, 28
"c:\Users\Lorelvis\Documents\MEGASync\Programación\Desarrollo Web\Cursos\Desarrollo web completo con HTML5, CSS3, JS, AJAX, PHP y MySQL\Proyectos\barbershop\vendor\phpmailer\phpmailer\language\phpmailer.lang-hi.php", "PHP", 27, 0, 0, 0, 0, 0, 0, 6, 3, 36
"c:\Users\Lorelvis\Documents\MEGASync\Programación\Desarrollo Web\Cursos\Desarrollo web completo con HTML5, CSS3, JS, AJAX, PHP y MySQL\Proyectos\barbershop\vendor\phpmailer\phpmailer\language\phpmailer.lang-hr.php", "PHP", 20, 0, 0, 0, 0, 0, 0, 5, 3, 28
"c:\Users\Lorelvis\Documents\MEGASync\Programación\Desarrollo Web\Cursos\Desarrollo web completo con HTML5, CSS3, JS, AJAX, PHP y MySQL\Proyectos\barbershop\vendor\phpmailer\phpmailer\language\phpmailer.lang-hu.php", "PHP", 20, 0, 0, 0, 0, 0, 0, 5, 3, 28
"c:\Users\Lorelvis\Documents\MEGASync\Programación\Desarrollo Web\Cursos\Desarrollo web completo con HTML5, CSS3, JS, AJAX, PHP y MySQL\Proyectos\barbershop\vendor\phpmailer\phpmailer\language\phpmailer.lang-hy.php", "PHP", 20, 0, 0, 0, 0, 0, 0, 5, 3, 28
"c:\Users\Lorelvis\Documents\MEGASync\Programación\Desarrollo Web\Cursos\Desarrollo web completo con HTML5, CSS3, JS, AJAX, PHP y MySQL\Proyectos\barbershop\vendor\phpmailer\phpmailer\language\phpmailer.lang-id.php", "PHP", 22, 0, 0, 0, 0, 0, 0, 7, 3, 32
"c:\Users\Lorelvis\Documents\MEGASync\Programación\Desarrollo Web\Cursos\Desarrollo web completo con HTML5, CSS3, JS, AJAX, PHP y MySQL\Proyectos\barbershop\vendor\phpmailer\phpmailer\language\phpmailer.lang-it.php", "PHP", 20, 0, 0, 0, 0, 0, 0, 6, 3, 29
"c:\Users\Lorelvis\Documents\MEGASync\Programación\Desarrollo Web\Cursos\Desarrollo web completo con HTML5, CSS3, JS, AJAX, PHP y MySQL\Proyectos\barbershop\vendor\phpmailer\phpmailer\language\phpmailer.lang-ja.php", "PHP", 20, 0, 0, 0, 0, 0, 0, 7, 3, 30
"c:\Users\Lorelvis\Documents\MEGASync\Programación\Desarrollo Web\Cursos\Desarrollo web completo con HTML5, CSS3, JS, AJAX, PHP y MySQL\Proyectos\barbershop\vendor\phpmailer\phpmailer\language\phpmailer.lang-ka.php", "PHP", 20, 0, 0, 0, 0, 0, 0, 5, 3, 28
"c:\Users\Lorelvis\Documents\MEGASync\Programación\Desarrollo Web\Cursos\Desarrollo web completo con HTML5, CSS3, JS, AJAX, PHP y MySQL\Proyectos\barbershop\vendor\phpmailer\phpmailer\language\phpmailer.lang-ko.php", "PHP", 20, 0, 0, 0, 0, 0, 0, 5, 3, 28
"c:\Users\Lorelvis\Documents\MEGASync\Programación\Desarrollo Web\Cursos\Desarrollo web completo con HTML5, CSS3, JS, AJAX, PHP y MySQL\Proyectos\barbershop\vendor\phpmailer\phpmailer\language\phpmailer.lang-lt.php", "PHP", 19, 0, 0, 0, 0, 0, 0, 6, 3, 28
"c:\Users\Lorelvis\Documents\MEGASync\Programación\Desarrollo Web\Cursos\Desarrollo web completo con HTML5, CSS3, JS, AJAX, PHP y MySQL\Proyectos\barbershop\vendor\phpmailer\phpmailer\language\phpmailer.lang-lv.php", "PHP", 19, 0, 0, 0, 0, 0, 0, 6, 3, 28
"c:\Users\Lorelvis\Documents\MEGASync\Programación\Desarrollo Web\Cursos\Desarrollo web completo con HTML5, CSS3, JS, AJAX, PHP y MySQL\Proyectos\barbershop\vendor\phpmailer\phpmailer\language\phpmailer.lang-mg.php", "PHP", 20, 0, 0, 0, 0, 0, 0, 5, 3, 28
"c:\Users\Lorelvis\Documents\MEGASync\Programación\Desarrollo Web\Cursos\Desarrollo web completo con HTML5, CSS3, JS, AJAX, PHP y MySQL\Proyectos\barbershop\vendor\phpmailer\phpmailer\language\phpmailer.lang-mn.php", "PHP", 20, 0, 0, 0, 0, 0, 0, 5, 3, 28
"c:\Users\Lorelvis\Documents\MEGASync\Programación\Desarrollo Web\Cursos\Desarrollo web completo con HTML5, CSS3, JS, AJAX, PHP y MySQL\Proyectos\barbershop\vendor\phpmailer\phpmailer\language\phpmailer.lang-ms.php", "PHP", 20, 0, 0, 0, 0, 0, 0, 5, 3, 28
"c:\Users\Lorelvis\Documents\MEGASync\Programación\Desarrollo Web\Cursos\Desarrollo web completo con HTML5, CSS3, JS, AJAX, PHP y MySQL\Proyectos\barbershop\vendor\phpmailer\phpmailer\language\phpmailer.lang-nb.php", "PHP", 27, 0, 0, 0, 0, 0, 0, 4, 3, 34
"c:\Users\Lorelvis\Documents\MEGASync\Programación\Desarrollo Web\Cursos\Desarrollo web completo con HTML5, CSS3, JS, AJAX, PHP y MySQL\Proyectos\barbershop\vendor\phpmailer\phpmailer\language\phpmailer.lang-nl.php", "PHP", 27, 0, 0, 0, 0, 0, 0, 5, 3, 35
"c:\Users\Lorelvis\Documents\MEGASync\Programación\Desarrollo Web\Cursos\Desarrollo web completo con HTML5, CSS3, JS, AJAX, PHP y MySQL\Proyectos\barbershop\vendor\phpmailer\phpmailer\language\phpmailer.lang-pl.php", "PHP", 27, 0, 0, 0, 0, 0, 0, 4, 3, 34
"c:\Users\Lorelvis\Documents\MEGASync\Programación\Desarrollo Web\Cursos\Desarrollo web completo con HTML5, CSS3, JS, AJAX, PHP y MySQL\Proyectos\barbershop\vendor\phpmailer\phpmailer\language\phpmailer.lang-pt.php", "PHP", 20, 0, 0, 0, 0, 0, 0, 5, 3, 28
"c:\Users\Lorelvis\Documents\MEGASync\Programación\Desarrollo Web\Cursos\Desarrollo web completo con HTML5, CSS3, JS, AJAX, PHP y MySQL\Proyectos\barbershop\vendor\phpmailer\phpmailer\language\phpmailer.lang-pt_br.php", "PHP", 27, 0, 0, 0, 0, 0, 0, 9, 3, 39
"c:\Users\Lorelvis\Documents\MEGASync\Programación\Desarrollo Web\Cursos\Desarrollo web completo con HTML5, CSS3, JS, AJAX, PHP y MySQL\Proyectos\barbershop\vendor\phpmailer\phpmailer\language\phpmailer.lang-ro.php", "PHP", 27, 0, 0, 0, 0, 0, 0, 4, 3, 34
"c:\Users\Lorelvis\Documents\MEGASync\Programación\Desarrollo Web\Cursos\Desarrollo web completo con HTML5, CSS3, JS, AJAX, PHP y MySQL\Proyectos\barbershop\vendor\phpmailer\phpmailer\language\phpmailer.lang-ru.php", "PHP", 20, 0, 0, 0, 0, 0, 0, 6, 3, 29
"c:\Users\Lorelvis\Documents\MEGASync\Programación\Desarrollo Web\Cursos\Desarrollo web completo con HTML5, CSS3, JS, AJAX, PHP y MySQL\Proyectos\barbershop\vendor\phpmailer\phpmailer\language\phpmailer.lang-si.php", "PHP", 27, 0, 0, 0, 0, 0, 0, 5, 3, 35
"c:\Users\Lorelvis\Documents\MEGASync\Programación\Desarrollo Web\Cursos\Desarrollo web completo con HTML5, CSS3, JS, AJAX, PHP y MySQL\Proyectos\barbershop\vendor\phpmailer\phpmailer\language\phpmailer.lang-sk.php", "PHP", 22, 0, 0, 0, 0, 0, 0, 6, 3, 31
"c:\Users\Lorelvis\Documents\MEGASync\Programación\Desarrollo Web\Cursos\Desarrollo web completo con HTML5, CSS3, JS, AJAX, PHP y MySQL\Proyectos\barbershop\vendor\phpmailer\phpmailer\language\phpmailer.lang-sl.php", "PHP", 27, 0, 0, 0, 0, 0, 0, 7, 3, 37
"c:\Users\Lorelvis\Documents\MEGASync\Programación\Desarrollo Web\Cursos\Desarrollo web completo con HTML5, CSS3, JS, AJAX, PHP y MySQL\Proyectos\barbershop\vendor\phpmailer\phpmailer\language\phpmailer.lang-sr.php", "PHP", 20, 0, 0, 0, 0, 0, 0, 6, 3, 29
"c:\Users\Lorelvis\Documents\MEGASync\Programación\Desarrollo Web\Cursos\Desarrollo web completo con HTML5, CSS3, JS, AJAX, PHP y MySQL\Proyectos\barbershop\vendor\phpmailer\phpmailer\language\phpmailer.lang-sr_latn.php", "PHP", 20, 0, 0, 0, 0, 0, 0, 6, 3, 29
"c:\Users\Lorelvis\Documents\MEGASync\Programación\Desarrollo Web\Cursos\Desarrollo web completo con HTML5, CSS3, JS, AJAX, PHP y MySQL\Proyectos\barbershop\vendor\phpmailer\phpmailer\language\phpmailer.lang-sv.php", "PHP", 19, 0, 0, 0, 0, 0, 0, 6, 3, 28
"c:\Users\Lorelvis\Documents\MEGASync\Programación\Desarrollo Web\Cursos\Desarrollo web completo con HTML5, CSS3, JS, AJAX, PHP y MySQL\Proyectos\barbershop\vendor\phpmailer\phpmailer\language\phpmailer.lang-tl.php", "PHP", 20, 0, 0, 0, 0, 0, 0, 6, 3, 29
"c:\Users\Lorelvis\Documents\MEGASync\Programación\Desarrollo Web\Cursos\Desarrollo web completo con HTML5, CSS3, JS, AJAX, PHP y MySQL\Proyectos\barbershop\vendor\phpmailer\phpmailer\language\phpmailer.lang-tr.php", "PHP", 20, 0, 0, 0, 0, 0, 0, 9, 3, 32
"c:\Users\Lorelvis\Documents\MEGASync\Programación\Desarrollo Web\Cursos\Desarrollo web completo con HTML5, CSS3, JS, AJAX, PHP y MySQL\Proyectos\barbershop\vendor\phpmailer\phpmailer\language\phpmailer.lang-uk.php", "PHP", 20, 0, 0, 0, 0, 0, 0, 6, 3, 29
"c:\Users\Lorelvis\Documents\MEGASync\Programación\Desarrollo Web\Cursos\Desarrollo web completo con HTML5, CSS3, JS, AJAX, PHP y MySQL\Proyectos\barbershop\vendor\phpmailer\phpmailer\language\phpmailer.lang-vi.php", "PHP", 19, 0, 0, 0, 0, 0, 0, 6, 3, 28
"c:\Users\Lorelvis\Documents\MEGASync\Programación\Desarrollo Web\Cursos\Desarrollo web completo con HTML5, CSS3, JS, AJAX, PHP y MySQL\Proyectos\barbershop\vendor\phpmailer\phpmailer\language\phpmailer.lang-zh.php", "PHP", 20, 0, 0, 0, 0, 0, 0, 7, 3, 30
"c:\Users\Lorelvis\Documents\MEGASync\Programación\Desarrollo Web\Cursos\Desarrollo web completo con HTML5, CSS3, JS, AJAX, PHP y MySQL\Proyectos\barbershop\vendor\phpmailer\phpmailer\language\phpmailer.lang-zh_cn.php", "PHP", 27, 0, 0, 0, 0, 0, 0, 7, 3, 37
"c:\Users\Lorelvis\Documents\MEGASync\Programación\Desarrollo Web\Cursos\Desarrollo web completo con HTML5, CSS3, JS, AJAX, PHP y MySQL\Proyectos\barbershop\vendor\phpmailer\phpmailer\src\DSNConfigurator.php", "PHP", 136, 0, 0, 0, 0, 0, 0, 80, 30, 246
"c:\Users\Lorelvis\Documents\MEGASync\Programación\Desarrollo Web\Cursos\Desarrollo web completo con HTML5, CSS3, JS, AJAX, PHP y MySQL\Proyectos\barbershop\vendor\phpmailer\phpmailer\src\Exception.php", "PHP", 9, 0, 0, 0, 0, 0, 0, 28, 4, 41
"c:\Users\Lorelvis\Documents\MEGASync\Programación\Desarrollo Web\Cursos\Desarrollo web completo con HTML5, CSS3, JS, AJAX, PHP y MySQL\Proyectos\barbershop\vendor\phpmailer\phpmailer\src\OAuth.php", "PHP", 46, 0, 0, 0, 0, 0, 0, 79, 15, 140
"c:\Users\Lorelvis\Documents\MEGASync\Programación\Desarrollo Web\Cursos\Desarrollo web completo con HTML5, CSS3, JS, AJAX, PHP y MySQL\Proyectos\barbershop\vendor\phpmailer\phpmailer\src\OAuthTokenProvider.php", "PHP", 6, 0, 0, 0, 0, 0, 0, 35, 4, 45
"c:\Users\Lorelvis\Documents\MEGASync\Programación\Desarrollo Web\Cursos\Desarrollo web completo con HTML5, CSS3, JS, AJAX, PHP y MySQL\Proyectos\barbershop\vendor\phpmailer\phpmailer\src\PHPMailer.php", "PHP", 2926, 0, 0, 0, 0, 0, 0, 1933, 394, 5253
"c:\Users\Lorelvis\Documents\MEGASync\Programación\Desarrollo Web\Cursos\Desarrollo web completo con HTML5, CSS3, JS, AJAX, PHP y MySQL\Proyectos\barbershop\vendor\phpmailer\phpmailer\src\POP3.php", "PHP", 181, 0, 0, 0, 0, 0, 0, 234, 53, 468
"c:\Users\Lorelvis\Documents\MEGASync\Programación\Desarrollo Web\Cursos\Desarrollo web completo con HTML5, CSS3, JS, AJAX, PHP y MySQL\Proyectos\barbershop\vendor\phpmailer\phpmailer\src\SMTP.php", "PHP", 737, 0, 0, 0, 0, 0, 0, 617, 144, 1498
"c:\Users\Lorelvis\Documents\MEGASync\Programación\Desarrollo Web\Cursos\Desarrollo web completo con HTML5, CSS3, JS, AJAX, PHP y MySQL\Proyectos\barbershop\views\admin\index.php", "PHP", 10, 0, 0, 0, 0, 0, 0, 0, 2, 12
"c:\Users\Lorelvis\Documents\MEGASync\Programación\Desarrollo Web\Cursos\Desarrollo web completo con HTML5, CSS3, JS, AJAX, PHP y MySQL\Proyectos\barbershop\views\auth\forgot.php", "PHP", 18, 0, 0, 0, 0, 0, 0, 0, 4, 22
"c:\Users\Lorelvis\Documents\MEGASync\Programación\Desarrollo Web\Cursos\Desarrollo web completo con HTML5, CSS3, JS, AJAX, PHP y MySQL\Proyectos\barbershop\views\auth\login.php", "PHP", 22, 0, 0, 0, 0, 0, 0, 0, 5, 27
"c:\Users\Lorelvis\Documents\MEGASync\Programación\Desarrollo Web\Cursos\Desarrollo web completo con HTML5, CSS3, JS, AJAX, PHP y MySQL\Proyectos\barbershop\views\auth\message.php", "PHP", 6, 0, 0, 0, 0, 0, 0, 0, 1, 7
"c:\Users\Lorelvis\Documents\MEGASync\Programación\Desarrollo Web\Cursos\Desarrollo web completo con HTML5, CSS3, JS, AJAX, PHP y MySQL\Proyectos\barbershop\views\auth\recovery.php", "PHP", 24, 0, 0, 0, 0, 0, 0, 0, 5, 29
"c:\Users\Lorelvis\Documents\MEGASync\Programación\Desarrollo Web\Cursos\Desarrollo web completo con HTML5, CSS3, JS, AJAX, PHP y MySQL\Proyectos\barbershop\views\auth\register.php", "PHP", 37, 0, 0, 0, 0, 0, 0, 0, 9, 46
"c:\Users\Lorelvis\Documents\MEGASync\Programación\Desarrollo Web\Cursos\Desarrollo web completo con HTML5, CSS3, JS, AJAX, PHP y MySQL\Proyectos\barbershop\views\auth\verify.php", "PHP", 7, 0, 0, 0, 0, 0, 0, 0, 2, 9
"c:\Users\Lorelvis\Documents\MEGASync\Programación\Desarrollo Web\Cursos\Desarrollo web completo con HTML5, CSS3, JS, AJAX, PHP y MySQL\Proyectos\barbershop\views\crud\employees\create.php", "PHP", 19, 0, 0, 0, 0, 0, 0, 0, 5, 24
"c:\Users\Lorelvis\Documents\MEGASync\Programación\Desarrollo Web\Cursos\Desarrollo web completo con HTML5, CSS3, JS, AJAX, PHP y MySQL\Proyectos\barbershop\views\crud\employees\edit.php", "PHP", 0, 0, 0, 0, 0, 0, 0, 0, 1, 1
"c:\Users\Lorelvis\Documents\MEGASync\Programación\Desarrollo Web\Cursos\Desarrollo web completo con HTML5, CSS3, JS, AJAX, PHP y MySQL\Proyectos\barbershop\views\crud\employees\form.php", "PHP", 40, 0, 0, 0, 0, 0, 0, 0, 6, 46
"c:\Users\Lorelvis\Documents\MEGASync\Programación\Desarrollo Web\Cursos\Desarrollo web completo con HTML5, CSS3, JS, AJAX, PHP y MySQL\Proyectos\barbershop\views\crud\employees\read.php", "PHP", 43, 0, 0, 0, 0, 0, 0, 0, 7, 50
"c:\Users\Lorelvis\Documents\MEGASync\Programación\Desarrollo Web\Cursos\Desarrollo web completo con HTML5, CSS3, JS, AJAX, PHP y MySQL\Proyectos\barbershop\views\crud\employees\update.php", "PHP", 19, 0, 0, 0, 0, 0, 0, 0, 5, 24
"c:\Users\Lorelvis\Documents\MEGASync\Programación\Desarrollo Web\Cursos\Desarrollo web completo con HTML5, CSS3, JS, AJAX, PHP y MySQL\Proyectos\barbershop\views\crud\roles\create.php", "PHP", 19, 0, 0, 0, 0, 0, 0, 0, 5, 24
"c:\Users\Lorelvis\Documents\MEGASync\Programación\Desarrollo Web\Cursos\Desarrollo web completo con HTML5, CSS3, JS, AJAX, PHP y MySQL\Proyectos\barbershop\views\crud\roles\form.php", "PHP", 7, 0, 0, 0, 0, 0, 0, 0, 1, 8
"c:\Users\Lorelvis\Documents\MEGASync\Programación\Desarrollo Web\Cursos\Desarrollo web completo con HTML5, CSS3, JS, AJAX, PHP y MySQL\Proyectos\barbershop\views\crud\roles\read.php", "PHP", 40, 0, 0, 0, 0, 0, 0, 0, 10, 50
"c:\Users\Lorelvis\Documents\MEGASync\Programación\Desarrollo Web\Cursos\Desarrollo web completo con HTML5, CSS3, JS, AJAX, PHP y MySQL\Proyectos\barbershop\views\crud\roles\update.php", "PHP", 14, 0, 0, 0, 0, 0, 0, 0, 4, 18
"c:\Users\Lorelvis\Documents\MEGASync\Programación\Desarrollo Web\Cursos\Desarrollo web completo con HTML5, CSS3, JS, AJAX, PHP y MySQL\Proyectos\barbershop\views\crud\services\create.php", "PHP", 19, 0, 0, 0, 0, 0, 0, 0, 5, 24
"c:\Users\Lorelvis\Documents\MEGASync\Programación\Desarrollo Web\Cursos\Desarrollo web completo con HTML5, CSS3, JS, AJAX, PHP y MySQL\Proyectos\barbershop\views\crud\services\form.php", "PHP", 22, 0, 0, 0, 0, 0, 0, 0, 3, 25
"c:\Users\Lorelvis\Documents\MEGASync\Programación\Desarrollo Web\Cursos\Desarrollo web completo con HTML5, CSS3, JS, AJAX, PHP y MySQL\Proyectos\barbershop\views\crud\services\read.php", "PHP", 41, 0, 0, 0, 0, 0, 0, 0, 9, 50
"c:\Users\Lorelvis\Documents\MEGASync\Programación\Desarrollo Web\Cursos\Desarrollo web completo con HTML5, CSS3, JS, AJAX, PHP y MySQL\Proyectos\barbershop\views\crud\services\update.php", "PHP", 14, 0, 0, 0, 0, 0, 0, 0, 6, 20
"c:\Users\Lorelvis\Documents\MEGASync\Programación\Desarrollo Web\Cursos\Desarrollo web completo con HTML5, CSS3, JS, AJAX, PHP y MySQL\Proyectos\barbershop\views\customer\index.php", "PHP", 70, 0, 0, 0, 0, 0, 0, 0, 22, 92
"c:\Users\Lorelvis\Documents\MEGASync\Programación\Desarrollo Web\Cursos\Desarrollo web completo con HTML5, CSS3, JS, AJAX, PHP y MySQL\Proyectos\barbershop\views\employee\index.php", "PHP", 12, 0, 0, 0, 0, 0, 0, 23, 5, 40
"c:\Users\Lorelvis\Documents\MEGASync\Programación\Desarrollo Web\Cursos\Desarrollo web completo con HTML5, CSS3, JS, AJAX, PHP y MySQL\Proyectos\barbershop\views\layout.php", "PHP", 25, 0, 0, 0, 0, 0, 0, 0, 6, 31
"c:\Users\Lorelvis\Documents\MEGASync\Programación\Desarrollo Web\Cursos\Desarrollo web completo con HTML5, CSS3, JS, AJAX, PHP y MySQL\Proyectos\barbershop\views\templates\alerts.php", "PHP", 8, 0, 0, 0, 0, 0, 0, 0, 1, 9
"c:\Users\Lorelvis\Documents\MEGASync\Programación\Desarrollo Web\Cursos\Desarrollo web completo con HTML5, CSS3, JS, AJAX, PHP y MySQL\Proyectos\barbershop\views\templates\bar.php", "PHP", 35, 0, 0, 0, 0, 0, 0, 0, 4, 39
"Total", "-", 8177, 187, 3173, 1248, 1340, 1, 408, 4199, 2473, 21206